,location,title,company,salary
0,"Houston, TX 77002 (Downtown area)",Sr Staff Data Scientist,General Electric,No Salary Listed
1,"Houston, TX 77042 (West Houston area)",Senior Oil & Gas Analytics Consultant,Tessella,No Salary Listed
2,"Houston, TX 77002 (Downtown area)",Senior Data Scientist,General Electric,No Salary Listed
3,"Houston, TX",No Job Title Listed,Valic,No Salary Listed
4,"Houston, TX",No Job Title Listed,AIG,No Salary Listed
5,"Houston, TX",Data Scientist,Engage Partners,$120 an hour
6,"Phoenix, AZ",Lead Data Scientist,Honeywell,No Salary Listed
7,"Phoenix, AZ","Sr. Manager, Predictive Analytics",Honeywell,No Salary Listed
8,"Phoenix, AZ",Sr Data Engineer,Honeywell,No Salary Listed
9,"Phoenix, AZ 85016 (Camelback East area)","Accenture Insights Platform Product Manager, Southwest US Re...",Accenture,No Salary Listed
10,"Phoenix, AZ",Data Architect,Career Evolutions,"$150,000 a year"
11,"Chicago, IL",Data Scientist,Optiver,No Salary Listed
12,"Chicago, IL",Data Scientist - Vista Intelligence Group,No Company Listed,No Salary Listed
13,"Chicago, IL 60606 (Loop area)",Senior Quantitative Analyst,William Blair & Company,No Salary Listed
14,"Chicago, IL 60601 (Loop area)",Data Scientist / Quantitative Analyst,S&P GLOBAL MARKET INTELLIGENCE,No Salary Listed
15,"Chicago, IL",Quantitative Research Analyst,Huxley Associates,"$150,000 a year"
16,"Chicago, IL",Principal Data Scientist,Jobspring Partners,"$120,000 - $160,000 a year"
17,"Chicago, IL 60654 (Loop area)",Senior Data Scientist,Groupon,No Salary Listed
18,"Chicago, IL","Solution Manager - City Voices, McKinsey Solutions",McKinsey & Company,No Salary Listed
19,"Chicago, IL 60604 (Loop area)",Machine Learning Data Scientist,No Company Listed,No Salary Listed
20,"Chicago, IL 60604 (Loop area)",Machine Learning Data Scientist,No Company Listed,No Salary Listed
21,"Chicago, IL 60606 (Loop area)",Senior Quantitative Analyst - Quantitative Investment Manage...,William Blair & Company,No Salary Listed
22,"Chicago, IL",Senior Quantitative Analyst- Asset Allocation,Huxley Associates,"$185,000 a year"
23,"Chicago, IL","Principal, Machine Learning",Cars.com,No Salary Listed
24,"Chicago, IL",Lead Data Architect,No Company Listed,No Salary Listed
25,"Chicago, IL",Principal Data Lead (Machine Learning),Jobspring Partners,"$140,000 - $180,000 a year"
26,"Chicago, IL 60601 (Loop area)",No Job Title Listed,General Electric,No Salary Listed
27,"Chicago, IL",Chief Technology Officer,No Company Listed,No Salary Listed
28,"Chicago, IL",Lead Data Scientist,No Company Listed,"$250,000 a year"
29,"Chicago, IL",Lead Data Engineer,No Company Listed,No Salary Listed
30,"Chicago, IL",Principal Machine Learning Engineer,Jobspring Partners,"$130,000 - $160,000 a year"
31,"Chicago, IL 60601 (Loop area)",Sr Staff Software Engineer,General Electric,No Salary Listed
32,"Chicago, IL 60661 (Near West Side area)",Sr. Analytic Developer,TransUnion,No Salary Listed
33,"Chicago, IL",Managing Solution Architect - Business Analytics Solution Ar...,Capgemini,No Salary Listed
34,"Chicago, IL","Technical Architect - Cloud Control Tower, McKinsey Solution...",McKinsey & Company,No Salary Listed
35,"Chicago, IL",Chief Credit Officer,No Company Listed,No Salary Listed
36,"Chicago, IL 60601 (Loop area)",Staff Software Engineer,General Electric,No Salary Listed
37,"Chicago, IL",Insurance (Life and P&C) Analytics Senior Manager,Accenture,No Salary Listed
38,"Chicago, IL",Accenture Analytics- Big Data Sales Engineer Senior Manager,Accenture,No Salary Listed
39,"Chicago, IL",Senior Engineer - Site Reliability,No Company Listed,No Salary Listed
40,"Chicago, IL",Head of Machine Learning Big Data,No Company Listed,No Salary Listed
41,"Chicago, IL",Accenture Analytics-Life Science Sales Lead Senior Manager,Accenture,No Salary Listed
42,"Chicago, IL",Analytics Go to Market Resources Industries Lead,Accenture,No Salary Listed
43,"Chicago, IL","Data Scientist II (Python, R, AWS)",Workbridge Associates,"$125,000 - $165,000 a year"
44,"Chicago, IL 60603 (Loop area)","Senior Data Scientist II (Python, R, TensorFlow)",Workbridge Associates,"$170,000 a year"
45,"Chicago, IL 60603 (Loop area)",Machine Learning Engineer,Jobspring Partners,"$150,000 a year"
46,"Hillside, IL 60162",Data Scientist,Jobspring Partners,"$140,000 a year"
47,"Chicago, IL 60603 (Loop area)",Quantitative Developer- Data Analysis Team,Akuna Capital,No Salary Listed
48,"Chicago, IL 60603 (Loop area)",Lead Data Scientist,Jobspring Partners,"$150,000 a year"
49,"Chicago, IL",Quantitative Statistical Modeler-Automated Trading Strategie...,Analytic Recruiting,No Salary Listed
50,"Chicago, IL","Deep Learning/Neural Networking Expert (Python, TensorFlow,...",Workbridge Associates,$75 an hour
51,"San Francisco, CA",Data Scientist,The Climate Corporation,No Salary Listed
52,"San Francisco, CA",Senior Data Scientist,Capital One,No Salary Listed
53,"San Francisco, CA",Senior Data Scientist,No Company Listed,No Salary Listed
54,"San Francisco, CA","Senior Software Engineer, Data Scientist",IBM,No Salary Listed
55,"San Francisco, CA 94102 (Downtown area)",Quantitative Research Data Scientist,Thomson Reuters,No Salary Listed
56,"San Francisco, CA 94103 (South Of Market area)",Head of Data Science,No Company Listed,No Salary Listed
57,"Redwood City, CA 94065",Research Data Scientist,Electronic Arts,No Salary Listed
58,"San Mateo, CA",Data Scientist,Change Healthcare,No Salary Listed
59,"San Francisco, CA",Senior Data Scientist,HotelTonight,No Salary Listed
60,"San Francisco, CA",Data Scientist (E-Commerce),Workbridge Associates,"$130,000 - $160,000 a year"
61,"San Francisco, CA",Machine Learning Data Engineer,Capital One,No Salary Listed
62,"San Francisco, CA 94105 (Financial District area)",Principal Data Scientist,Lending Club,No Salary Listed
63,"San Francisco, CA","Data Scientist, Platform Analytics",Gap Inc. Corporate,No Salary Listed
64,"Brisbane, CA",Data Scientist (Machine Learning),No Company Listed,"$110,000 - $180,000 a year"
65,"San Francisco, CA 94126 (Financial District area)",Data Scientist,No Company Listed,No Salary Listed
66,"San Francisco, CA 94104 (Financial District area)","Software Engineer, Data Science Tools",Cloudera,No Salary Listed
67,"San Francisco, CA",Data Scientist- Digital,Capital One,No Salary Listed
68,"San Francisco, CA",Lead Data Scientist,Robert Walters,No Salary Listed
69,"San Francisco, CA",Senior Data Scientist,Hired,No Salary Listed
70,"San Francisco, CA","Director, Data Science",ZestFinance,No Salary Listed
71,"San Francisco, CA",Big Data Engineer,NinthDecimal,No Salary Listed
72,"San Francisco, CA 94103 (South Of Market area)",Head of Risk Engineering,Square,No Salary Listed
73,"San Francisco, CA",Senior Data Scientist,No Company Listed,"$180,000 a year"
74,"San Mateo, CA","Data Scientist Manager, eCommerce",No Company Listed,No Salary Listed
75,"San Francisco, CA","Director, Platform Analytics",Gap Inc. Corporate,No Salary Listed
76,"San Francisco, CA",Data Science Team Lead: Weather Science Statistics,The Climate Corporation,No Salary Listed
77,"San Francisco, CA","Senior Manager, Data Science",Autodesk,No Salary Listed
78,"San Francisco, CA 94103 (South Of Market area)",Data Engineer,No Company Listed,No Salary Listed
79,"Redwood City, CA","SVP or VP, Data & Analytics",Oportun,No Salary Listed
80,"San Francisco, CA","Senior Manager, Data Science",Autodesk,No Salary Listed
81,"San Mateo, CA",Machine Learning Algorithm Engineer,No Company Listed,"$120,000 - $180,000 a year"
82,"San Francisco, CA 94108 (Financial District area)",Machine Learning Data Scientist FinTech,No Company Listed,"$130,000 - $160,000 a year"
83,"San Francisco, CA",Software Engineer - Data,No Company Listed,No Salary Listed
84,"San Francisco, CA","Director, Data Science and Analytics",No Company Listed,No Salary Listed
85,"San Mateo, CA",Lead Data Scientist,No Company Listed,"$130,000 - $160,000 a year"
86,"San Francisco, CA","Director, Data Platforms",Ancestry,No Salary Listed
87,"Berkeley, CA 94702",Sr Data Scientist,General Electric,No Salary Listed
88,"San Mateo, CA 94402 (Beresford area)",Data Scientist - Lead Data Scientist,Freedom Financial Network,No Salary Listed
89,"Redwood City, CA",Senior Manager of Data Science,Oportun,No Salary Listed
90,"Mill Valley, CA 94941","Manager, Decision Science",Glassdoor,No Salary Listed
91,"San Francisco, CA",Principal Machine Learning Engineer - AI Platform,No Company Listed,No Salary Listed
92,"San Francisco, CA",Vice President Data Science & Machine Learning,Ancestry,No Salary Listed
93,"Brisbane, CA",Data Scientist (Natural Language Processing),No Company Listed,"$110,000 - $180,000 a year"
94,"South San Francisco, CA",Senior Safety Science Leader,Genentech,No Salary Listed
95,"San Francisco, CA",Director of Data Science,No Company Listed,"$230,000 a year"
96,"Redwood City, CA",Senior Data Scientist - Security Experience is Huge,No Company Listed,"$170,000 a year"
97,"San Francisco, CA",Software Engineer - Machine Learning,No Company Listed,No Salary Listed
98,"South San Francisco, CA",Senior Safety Science Leader (MD),Genentech,No Salary Listed
99,"South San Francisco, CA","Director, Late Stage Pharmaceutical Development",Genentech,No Salary Listed
100,"San Francisco, CA","Senior Product Leader, Client",Hired,No Salary Listed
101,"San Francisco, CA","Senior Product Leader, Matching",Hired,No Salary Listed
102,"Hayward, CA",Chief Data Scientist,DuPont,No Salary Listed
103,"San Francisco, CA","Principal Engineer, Backend",No Company Listed,No Salary Listed
104,"San Francisco, CA",Product Manager - Compute System,Salesforce,No Salary Listed
105,"San Francisco, CA",Product Manager- Data Science,Radius,No Salary Listed
106,"San Francisco, CA",Senior Machine Learning Data Engineer,Capital One,No Salary Listed
107,"San Francisco, CA 94126 (Financial District area)",Lead Software Engineer - Machine Learning,No Company Listed,No Salary Listed
108,"San Francisco, CA","Senior Growth Analyst, Strategy and Growth",Salesforce,No Salary Listed
109,"Redwood City, CA",Senior Data Scientist - Security Experience is Huge,No Company Listed,"$170,000 a year"
110,"Hayward, CA",Chief Data Scientist,DuPont,No Salary Listed
111,"San Francisco, CA",Data Engineer - Machine Learning,No Company Listed,No Salary Listed
112,"San Francisco, CA","Director, Personalization and Recommendations",,No Salary Listed
113,"San Francisco, CA",Lead Data Scientist - Engagement & Growth,No Company Listed,"$220,000 a year"
114,"San Francisco, CA",Senior Machine Learning Data Engineer,Capital One,No Salary Listed
115,"San Francisco, CA",Senior Research Engineer (Machine Learning),Workbridge Associates,"$130,000 - $170,000 a year"
116,"San Francisco, CA","Director, Personalization and Recommendations",,No Salary Listed
117,"San Francisco, CA",Senior R Programmer - Financial Data Science Platform Team:...,Bloomberg,No Salary Listed
118,"Redwood City, CA",Senior Sales Solutions Consultant,No Company Listed,No Salary Listed
119,"San Francisco, CA",Head of Data Science,No Company Listed,"$225,000 a year"
120,"San Francisco, CA",Product Manager (Customer Intelligence/Data Science),Salesforce,No Salary Listed
121,"San Francisco, CA",Senior Technical Program Manager,The Climate Corporation,No Salary Listed
122,"San Mateo, CA 94403 (Sugerloaf area)",Enablement Engineer,No Company Listed,No Salary Listed
123,"San Francisco, CA",Principal Engineer,No Company Listed,No Salary Listed
124,"Redwood City, CA",Chief of Staff,No Company Listed,No Salary Listed
125,"San Francisco, CA","AI / Machine Learning Researcher, Financial Services",No Company Listed,No Salary Listed
126,"Berkeley, CA 94705",Sr Data Scientist/Solution Architect,No Company Listed,"$250,000 a year"
127,"Foster City, CA 94404",Machine Learning Engineer,No Company Listed,No Salary Listed
128,"San Francisco, CA",Senior Software Engineer - Full Stack (Analytics),No Company Listed,No Salary Listed
129,"San Francisco, CA 94104 (Financial District area)","Senior Software Engineer, Full Stack (Analytics)",Pocket Gems,No Salary Listed
130,"San Francisco, CA",Technology Lead - US,No Company Listed,No Salary Listed
131,"San Francisco, CA 94102 (Downtown area)",Staff Software Engineer - Predix,General Electric,No Salary Listed
132,"San Mateo, CA",Director of Data Science,No Company Listed,No Salary Listed
133,"San Francisco, CA 94103 (South Of Market area)",Head of Credit - Xchange Leasing,Uber,No Salary Listed
134,"South San Francisco, CA",No Job Title Listed,AbbVie,No Salary Listed
135,"Belmont, CA",Tech Lead (Architecture path),No Company Listed,No Salary Listed
136,"San Francisco, CA 94103 (South Of Market area)","Senior Software Engineer, Publisher",Quantcast,No Salary Listed
137,"Berkeley, CA 94705",Sr Data Scientist/Solution Architect,No Company Listed,"$250,000 a year"
138,"Foster City, CA 94404",Machine Learning Engineer,No Company Listed,No Salary Listed
139,"San Francisco, CA",Senior Data Science Manager,No Company Listed,"$185,000 a year"
140,"San Francisco, CA",Devops Engineer with Ruby on Rails,No Company Listed,"$175,000 a year"
141,"San Francisco, CA",BI Analytics Director,GSPANN Technologies,No Salary Listed
142,"San Francisco, CA",Principal Data Scientist,Salesforce,No Salary Listed
143,"San Francisco, CA",Lead Data Scientist (Life Sciences Opportunity),Workbridge Associates,"$140,000 - $160,000 a year"
144,"San Mateo, CA 94402 (Beresford area)",Director Product Management -(Big) Data product experience r...,No Company Listed,No Salary Listed
145,"San Francisco, CA 94102 (Downtown area)",Principal Software Engineer,Thomson Reuters,No Salary Listed
146,"San Francisco, CA",Senior Software Engineer - Data Infrastructure,No Company Listed,No Salary Listed
147,"Redwood City, CA",Principal Product Manager,No Company Listed,No Salary Listed
148,"San Mateo, CA",Director of Data Engineering,Robert Walters,No Salary Listed
149,"San Francisco, CA 94158 (South Of Market area)","Associate Director, Translational Development / Program Lead...",Celgene Corporation,No Salary Listed
150,"San Francisco, CA","Director or Associate Director, Biostatistics",No Company Listed,No Salary Listed
151,"San Francisco, CA",Senior Technical Program Manager,No Company Listed,No Salary Listed
152,"San Mateo, CA",Architect,No Company Listed,No Salary Listed
153,"San Bruno, CA 94066","Senior Product Manager, Cross-Border eCommerce - Internation...",Walmart eCommerce,No Salary Listed
154,"San Francisco, CA",Senior Data Scientist,Salesforce,No Salary Listed
155,"Redwood City, CA 94065",Mobile App Developer/Architect,AstraZeneca,No Salary Listed
156,"San Francisco, CA","Director, Data Scientist",Dropbox,No Salary Listed
157,"San Francisco, CA",Head of Machine Learning Big Data,No Company Listed,No Salary Listed
158,"San Francisco, CA",DevOps Engineer,No Company Listed,No Salary Listed
159,"San Francisco, CA",Data Monitoring and Management Group Lead (Director),"Pfizer, Inc.",No Salary Listed
160,"San Francisco, CA",Senior Data Scientist,Salesforce,No Salary Listed
161,"San Francisco, CA","Director, Data Scientist",Dropbox,No Salary Listed
162,"San Mateo, CA",Platform Integration Product Manager,No Company Listed,No Salary Listed
163,"South San Francisco, CA",Medical Director,AbbVie,No Salary Listed
164,"San Mateo, CA","Senior Product Manager, Platform",No Company Listed,No Salary Listed
165,"San Francisco, CA 94105 (Financial District area)",Analytics Go to Market Resources Industries Lead,Accenture,No Salary Listed
166,"Redwood City, CA","Medical Director, Clinical Oncology",AbbVie,No Salary Listed
167,"South San Francisco, CA","Associate Director, Real World Data Science, Product Develop...",Genentech,No Salary Listed
168,"San Francisco, CA 94103 (South Of Market area)",Data Scientist - Ads Marketplace,No Company Listed,No Salary Listed
169,"San Mateo, CA",Director of Product Marketing,No Company Listed,No Salary Listed
170,"San Francisco, CA",DATA SCIENTIST-OPTIMIZATION/AI,No Company Listed,No Salary Listed
171,"San Francisco, CA 94105 (Financial District area)",Data Scientist (Python),Workbridge Associates,"$170,000 a year"
172,"San Francisco, CA 94105 (Financial District area)",Data Scientist (Java or Python),Workbridge Associates,"$200,000 a year"
173,"San Francisco, CA",Senior Safety Scientist,No Company Listed,"$225,000 a year"
174,"San Francisco, CA 94107 (South Of Market area)",Research Analyst,InMobi,No Salary Listed
175,"Redwood City, CA","Senior Scientist III, Pre-Clinical Safety",No Company Listed,"$140,000 a year"
176,"San Francisco, CA","SENIOR TECHNICAL PRODUCT MANAGER, SENIOR TECHNICAL PRODUCT M...",No Company Listed,No Salary Listed
177,"San Francisco, CA",Director of Data,No Company Listed,No Salary Listed
178,"San Francisco, CA 94105 (Financial District area)",Senior Data Scientist (Python),Workbridge Associates,"$170,000 a year"
179,"San Mateo, CA",Senior Data Scientist (Contract),Workbridge Associates,$130 an hour
180,"San Francisco, CA",Senior Data Scientist,No Company Listed,No Salary Listed
181,"Burlingame, CA",Head of Data Science,No Company Listed,No Salary Listed
182,"San Francisco, CA",Data Scientist - Deep Learning,No Company Listed,No Salary Listed
183,"San Francisco, CA",Head of Data Science,Vungle,No Salary Listed
184,"San Carlos, CA",Data Scientist (Contract),Jobspring Partners,$85 an hour
185,"San Francisco, CA 94105 (Financial District area)",Director of Data Science,FireEye,No Salary Listed
186,"San Mateo, CA 94402 (Beresford area)",Machine Learning Engineer,No Company Listed,No Salary Listed
187,"San Francisco, CA","Director of Data Science, Analytics",No Company Listed,"$175,000 - $250,000 a year"
188,"San Francisco, CA",Safety Scientists,No Company Listed,"$140,000 a year"
189,"San Francisco, CA 94105 (Financial District area)","Senior Software Engineer, Data Science",Marin Software,No Salary Listed
190,"San Francisco, CA",Senior Technical Program Manager,Unity Technologies,No Salary Listed
191,"San Francisco, CA 94103 (South Of Market area)",Big Data Infrastructure Engineer,"Renaissance Learning, Inc.",No Salary Listed
192,"San Francisco, CA",Sr Data Scientist,No Company Listed,No Salary Listed
193,"San Francisco, CA",Senior Data Engineer,No Company Listed,No Salary Listed
194,"San Francisco Bay Area, CA",Senior Data Architect,No Company Listed,No Salary Listed
195,"San Mateo, CA",Director of Analytics,No Company Listed,No Salary Listed
196,"Redwood City, CA",Director of Data Science & Analytics,Poshmark,No Salary Listed
197,"San Francisco, CA",Senior Product Manager (Personalization) - PlayStation Netwo...,No Company Listed,No Salary Listed
198,"Redwood City, CA",Mid-Level NLP Data Scientist,Workbridge Associates,"$175,000 a year"
199,"Emeryville, CA 94608","Director, Data Science",No Company Listed,No Salary Listed
200,"San Francisco, CA 94105 (Financial District area)",Java Engineer for Machine Learning Company,Workbridge Associates,"$180,000 a year"
201,"Redwood City, CA",Data Science & Analytics Manager,Poshmark,No Salary Listed
202,"San Francisco, CA","Senior Product Manager, Logistics",Instacart,No Salary Listed
203,"San Francisco Bay Area, CA",Senior Platform Architect,No Company Listed,No Salary Listed
204,"San Francisco Bay Area, CA",Senior DevOps Engineer,LT,"$190,000 a year"
205,"San Francisco, CA",Principal Full Stack Rails Engineer - Consumer Team,Stitch Fix,No Salary Listed
206,"Richmond, CA 94804","Director/Senior Director, Regulatory Affairs",No Company Listed,No Salary Listed
207,"San Francisco, CA","Senior Product Manager, Global On-Site Search",No Company Listed,No Salary Listed
208,"San Francisco, CA 94108 (Financial District area)",Lead Security Technologist,MuleSoft,No Salary Listed
209,"Burlingame, CA","VP of Sales, Employer Benefits",No Company Listed,No Salary Listed
210,"San Francisco, CA",Lead Computer Vision Scientist,LT,"$200,000 a year"
211,"San Carlos, CA",Senior Software Engineer - Full Stack,Helix,No Salary Listed
212,"San Francisco Bay Area, CA",Senior Distributed Computing Engineer,No Company Listed,No Salary Listed
213,"San Francisco, CA 94105 (Financial District area)","Senior Full-Stack Engineer (Go, Node, Java, Python)",Workbridge Associates,"$180,000 a year"
214,"San Francisco, CA 94107 (South Of Market area)","Engineering Manager, Data Platform",Postmates,No Salary Listed
215,"New York, NY 10282 (Tribeca area)",Technology - GSAM Technology - Search and Machine Learning E...,Goldman Sachs,No Salary Listed
216,"New York, NY",Data & Applied Scientist,Microsoft,No Salary Listed
217,"New York, NY 10012 (Little Italy area)",Data Scientist,Bond Street,No Salary Listed
218,"New York, NY",Analytics - Ads Team,Foursquare,No Salary Listed
219,"New York, NY 10022 (Midtown area)",Senior Data Scientist - Banking Analytics,McKinsey & Company,No Salary Listed
220,"New York, NY",Data Scientist,No Company Listed,No Salary Listed
221,"New York, NY 10032 (Washington Heights area)",Quantitative and Derivative Strategies Data Scientist,Morgan Stanley,No Salary Listed
222,"New York, NY 10279 (Financial District area)",Data Scientist,FactSet Research Systems,No Salary Listed
223,"New York, NY 10119 (Chelsea area)",Data Scientist (Contract to Hire),No Company Listed,No Salary Listed
224,"New York, NY 10271 (Financial District area)",Data Scientist CO,CAPCO,No Salary Listed
225,"New York, NY 10271 (Financial District area)",Data Scientist MP,CAPCO,No Salary Listed
226,"New York, NY 10271 (Financial District area)",Data Scientist SC,CAPCO,No Salary Listed
227,"New York, NY",Senior Data Engineer - BI & Analytics,No Company Listed,No Salary Listed
228,"New York, NY",Quantitative Researcher / Data Scientist,No Company Listed,No Salary Listed
229,"New York, NY",Data Scientist - M Science LLC,No Company Listed,No Salary Listed
230,"New York, NY 10018 (Clinton area)",Data Scientist,No Company Listed,"$100,000 - $200,000 a year"
231,"New York, NY",Research Scientist,Yahoo! Inc.,No Salary Listed
232,"New York, NY 10011 (Chelsea area)",Data Scientist - Advertising Product and Platforms,Spotify,No Salary Listed
233,"New York, NY",Quantitative Analyst - Investment Analytics,AIG,No Salary Listed
234,"New York, NY 10020 (Midtown area)",Data Scientist - CCM,EXPERIAN,No Salary Listed
235,"New York, NY 10279 (Financial District area)",Data Scientist,FactSet,No Salary Listed
236,"New York, NY",Data Scientist,No Company Listed,No Salary Listed
237,"New York, NY",Data Scientist/Predictive Modeller,Oliver James Associates,"$150,000 - $180,000 a year"
238,"New York, NY 10105 (Midtown area)",Data Scientist,AllianceBernstein,No Salary Listed
239,"New York, NY",Data Engineer,NBCUniversal,No Salary Listed
240,"New York, NY","Lead Data Scientist, Digital Intelligence",JPMorgan Chase,No Salary Listed
241,"New York, NY",Model Validation Quantitative Analyst - Equity,No Company Listed,No Salary Listed
242,"New York, NY",Data Scientist- Digital,Capital One,No Salary Listed
243,"New York, NY 10011 (Chelsea area)",Data Scientist (Product),Spotify,No Salary Listed
244,"New York, NY",Senior Data Scientist,Capital Markets Placement,No Salary Listed
245,"New York, NY 10022 (Midtown area)",Data Science Translator - TMT Sector,McKinsey & Company,No Salary Listed
246,"New York, NY 10010 (Gramercy area)",Big Data/Machine Learning,Mitchell Martin,No Salary Listed
247,"New York, NY 10006 (Financial District area)",Modeler,No Company Listed,No Salary Listed
248,"New York, NY 10016 (Gramercy area)","Vice President, Data Science and Analytics",Return Path,No Salary Listed
249,"New York, NY",Quantitative Analyst,UBS,No Salary Listed
250,"New York, NY 10011 (Chelsea area)",Data Science Manager - Premium Analytics,Spotify,No Salary Listed
251,"New York, NY",Senior Data Scientist,Oliver James Associates,"$160,000 - $180,000 a year"
252,"New York, NY 10006 (Financial District area)",Modeler,No Company Listed,No Salary Listed
253,"Jersey City, NJ",Lead Data Scientist,Verisk Insurance Solutions,No Salary Listed
254,"New York, NY","Research Engineer, Principal",Yahoo! Inc.,No Salary Listed
255,"New York, NY 10282 (Tribeca area)","Securities, FICC, IRP Quantitative Strats, Analyst/Associate",Goldman Sachs,No Salary Listed
256,"New York, NY",Legal- Firmwide Initiatives Team OLO Data Scientist- VP,JPMorgan Chase,No Salary Listed
257,"New York, NY",Senior Data Scientist,No Company Listed,"$140,000 - $150,000 a year"
258,"New York, NY","Research Engineer, Video",Yahoo! Inc.,No Salary Listed
259,"New York, NY",Quantitative Analyst - Regulatory Models,No Company Listed,No Salary Listed
260,"New York, NY",Associate Director of Data Science,AIG,No Salary Listed
261,"New York, NY 10022 (Midtown area)","VP, Health Data Management - Healthcare Analytics",McKinsey & Company,No Salary Listed
262,"New York, NY",Chief Data and Analytics Officer,AXA,No Salary Listed
263,"New York, NY 10011 (Chelsea area)",Senior Data Scientist- Legal,Spotify,No Salary Listed
264,"New York, NY",Python Backend working with Deep Learning,Jobspring Partners,"$140,000 - $160,000 a year"
265,"New York, NY",Head of Business Intelligence,No Company Listed,No Salary Listed
266,"New York, NY",Director-Sr Research Analyst,Moody's Analytics,No Salary Listed
267,"New York, NY",Senior Data Scientist,No Company Listed,"$140,000 - $150,000 a year"
268,"New York, NY","Director, Analytics and Insights",,No Salary Listed
269,"New York, NY","VP, Data Scientist - Banking",No Company Listed,"$180,000 a year"
270,"New York, NY",Data Engineer,No Company Listed,"$150,000 a year"
271,"New York, NY 10013 (Tribeca area)",Senior Machine Learning Engineer,Blue Apron,No Salary Listed
272,"New York, NY 10004 (Financial District area)",Director of Product Management,Attune,No Salary Listed
273,"New York, NY",Data scientist / KDB Developer,JPMorgan Chase,No Salary Listed
274,"New York, NY","VP Data Scientist, Data Science Manager, Data Scientist",Oliver James Associates,"$110,000 - $250,000 a year"
275,"New York, NY","Intern, Yahoo Research",Yahoo! Inc.,No Salary Listed
276,"New York, NY 10004 (Financial District area)",Data Scientist,No Company Listed,No Salary Listed
277,"New York, NY",Chief Data Scientist - Consulting,No Company Listed,"$220,000 a year"
278,"New York, NY",Quantitative Model Risk Analyst,U.S. Bank,No Salary Listed
279,"New York, NY",Quantitative Analyst - Model Validation,No Company Listed,No Salary Listed
280,"New York, NY 10105 (Midtown area)",Director of Data Science,AllianceBernstein,No Salary Listed
281,"New York, NY",Data Science Intern,MediaMath,No Salary Listed
282,"New York, NY 10020 (Midtown area)",Quantitative Analyst,Huxley Associates,"$170,000 a year"
283,"New York, NY 10011 (Chelsea area)",VP of Engineering - Data,Spotify,No Salary Listed
284,"New York, NY",Data Scientist II,MediaMath,No Salary Listed
285,"New York, NY","Connect - Vice President, Behavioral Data Group",Ipsos North America,No Salary Listed
286,"New York, NY",No Job Title Listed,BNP Paribas,No Salary Listed
287,"New York, NY 10020 (Midtown area)",Quantitative Analyst,Huxley Associates,"$170,000 a year"
288,"New York, NY",Data Scientist II,MediaMath,No Salary Listed
289,"New York, NY 10032 (Washington Heights area)",Quantitative Analyst,Morgan Stanley,No Salary Listed
290,"New York, NY 10285 (Battery Park area)",Data Scientists & Predictive Modeling Consultants,No Company Listed,No Salary Listed
291,"New York, NY",Data Analysis Engineer,No Company Listed,No Salary Listed
292,"Jersey City, NJ","Dir, Clinical Development",Allergan,No Salary Listed
293,"New York, NY 10004 (Financial District area)",Sr. Data Scientist,No Company Listed,No Salary Listed
294,"New York, NY",Senior Data Scientist - Bio-tech,No Company Listed,"$170,000 a year"
295,"New York, NY","Vice President/Group Director, Data & Analysis",DigitasLBi,No Salary Listed
296,"New York, NY",Senior Data Scientist,No Company Listed,"$180,000 a year"
297,"New York, NY 10020 (Midtown area)",Front Desk Quantitative Analyst,Huxley Associates,"$150,000 a year"
298,"New York, NY","Vice President, Insurance Analytics/Predictive Modeling PR99...",No Company Listed,No Salary Listed
299,"New York, NY",Head of Machine Learning,Execu | Search,"$125,000 - $200,000 a year"
300,"New York, NY",Senior Machine Learning Engineer (VP) - Intelligent Solution...,JPMorgan Chase,No Salary Listed
301,"Kenilworth, NJ","Senior Scientist, Quantitative Pharmacology and Pharmacometr...",Merck,No Salary Listed
302,"New York, NY","Senior Manager, Data Engineering",NBCUniversal,No Salary Listed
303,"New York, NY 10011 (Chelsea area)",Head of Research,Spotify,No Salary Listed
304,"New York, NY",Director of Sales Operations & Strategy - Operational Enable...,BuzzFeed,No Salary Listed
305,"New York, NY",Big Data Product Strategy & Development Manager - Intelligen...,JPMorgan Chase,No Salary Listed
306,"New York, NY","Vice President/Group Director, Data & Analysis",DigitasLBi,No Salary Listed
307,"New York, NY","Product Analytics Director, Corporate Strategy.",Reed Elsevier,No Salary Listed
308,"New York, NY",Senior Software Engineer-Search Services,Grubhub,No Salary Listed
309,"New York, NY",Senior Software Engineer,PlaceIQ,No Salary Listed
310,"Middletown, NJ 07748",Principal-Inventive Scientist- Reliability Research and Deve...,AT&T,No Salary Listed
311,"New York, NY",Investment Management Quantitative Model Review Analyst,No Company Listed,No Salary Listed
312,"New York, NY",Senior Leader Group Head Translational Medicine,Roche,No Salary Listed
313,"New York, NY 10011 (Chelsea area)",Lead Ad Tech Machine Learning Engineer,Spotify,No Salary Listed
314,"New York, NY",Product Mgmt/Strategy Snr Director-ProdDev,Oracle,No Salary Listed
315,"New York, NY",Digital Product Manager,Capital One,No Salary Listed
316,"New York, NY",Senior Software Engineer-Recommendations,Grubhub,No Salary Listed
317,"New York, NY 10011 (Chelsea area)",Data Science Manager - Advertising Product and Platforms,Spotify,No Salary Listed
318,"New York, NY",Lead Software Engineer,PlaceIQ,No Salary Listed
319,"New York, NY 10011 (Chelsea area)",Digital Analytics Strategy Manager (Financial Services),Accenture,No Salary Listed
320,"New York, NY",Big Data Architect,No Company Listed,No Salary Listed
321,"New York, NY 10011 (Chelsea area)",Machine Learning Engineering Manager,Spotify,No Salary Listed
322,"New York, NY",Investment Management Quantitative Model Review Analyst,No Company Listed,No Salary Listed
323,"New York, NY",Translational Medicine Leader (TML) (m/f),Roche,No Salary Listed
324,"New York, NY 10011 (Chelsea area)",Machine Learning Engineering Manager,Spotify,No Salary Listed
325,"New York, NY 10011 (Chelsea area)",Accenture Analytics- Analytics Products Sales Lead Senior Ma...,Accenture,No Salary Listed
326,"Summit, NJ 07901","Delivery Manager - Periscope, McKinsey Solutions",McKinsey & Company,No Salary Listed
327,"Jersey City, NJ",AVP Insurance Analytics,No Company Listed,No Salary Listed
328,"New York, NY",Product Mgmt/Strategy Snr Director-ProdDev,Oracle,No Salary Listed
329,"Jersey City, NJ",Global Technology Infrastructure - Strategy & Transformation...,JPMorgan Chase,No Salary Listed
330,"New York, NY","VP, International Brand Strategy (New York)",BuzzFeed,No Salary Listed
331,"New York, NY","Manager, Commercial Strategy & Innovation",Capital One,No Salary Listed
332,"Kenilworth, NJ","Principal Scientist, Quantitative Pharmacology and Pharmacom...",Merck,No Salary Listed
333,"New York, NY 10011 (Chelsea area)",Health Analytics Strategy & Transformation Manager/Senior Ma...,Accenture,No Salary Listed
334,"New York, NY 10119 (Chelsea area)",Director of Marketing Analytics / Data Science,No Company Listed,No Salary Listed
335,"New York, NY",Senior Big Data Engineer,No Company Listed,"$140,000 a year"
336,"New York, NY",Senior Data Engineer,No Company Listed,"$175,000 a year"
337,"New York, NY",Head of Client Analytics,IgnitionOne,No Salary Listed
338,"New York, NY",Head of Machine Learning Big Data,No Company Listed,No Salary Listed
339,"New York, NY 10001 (Chelsea area)",Senior Software Engineer / Tech Lead,Empiric Solutions,"$150,000 - $180,000 a year"
340,"New York, NY",Senior Product Marketing Manager (Financial Services),No Company Listed,No Salary Listed
341,"New York, NY",Infrastructure Security Architect,Bloomberg,No Salary Listed
342,"New York, NY 10150 (Midtown area)",Skilled Java Specialists - NYC,No Company Listed,$120 an hour
343,"New York, NY 10011 (Chelsea area)",Analytics Strategy & Transformation Manager (Life Sciences),Accenture,No Salary Listed
344,"New York, NY",Software Security Architect,Bloomberg,No Salary Listed
345,"East Hanover, NJ",Associate Director Statistical Scientist,No Company Listed,No Salary Listed
346,"New York, NY 10282 (Tribeca area)",No Job Title Listed,Goldman Sachs,No Salary Listed
347,"Summit, NJ","Vice President, Global Medical Affairs, Pancreatic Cancer Di...",Celgene,No Salary Listed
348,"New York, NY 10001 (Chelsea area)",Security Innovation Lead,No Company Listed,No Salary Listed
349,"New York, NY 10011 (Chelsea area)",Digital Analytics Strategy Senior Manager (Insurance),Accenture,No Salary Listed
350,"New York, NY",Asset Management & CIB Analytics Innovation - Development &...,JPMorgan Chase,No Salary Listed
351,"New York, NY 10017 (Midtown area)",Lead Software Developer Engineer in Test,Talener,"$150,000 a year"
352,"New York, NY",Software Security Architect,Bloomberg,No Salary Listed
353,"New York, NY",No Job Title Listed,JPMorgan Chase,No Salary Listed
354,"New York, NY",Director - Digital Product Management,Capital One,No Salary Listed
355,"Jersey City, NJ",Director Business Development and Product Management - Insur...,No Company Listed,No Salary Listed
356,"Summit, NJ 07901","Vice President, Head of US Medical Affairs, Hematology and O...",Celgene Corporation,No Salary Listed
357,"Summit, NJ 07901","Vice President, Global Medical Affairs, Pancreatic Cancer Di...",Celgene Corporation,No Salary Listed
358,"New York, NY",Principal Machine Learning Engineer (Executive Director) - I...,JPMorgan Chase,No Salary Listed
359,"New York, NY",Principal Machine Learning Engineer (Executive Director) - I...,JPMorgan Chase,No Salary Listed
360,"New York, NY",Sr. Data Scientist,No Company Listed,No Salary Listed
361,"New York, NY",Director Data Science,No Company Listed,No Salary Listed
362,"New York, NY",Senior Data Scientist ( FinTech / Python / R / ML / Big Data...,No Company Listed,"$120,000 - $200,000 a year"
363,"New York, NY 10022 (Midtown area)",Data Scientist,Design Strategy,No Salary Listed
364,"New York, NY",Data Scientist (People Analytics/HR),No Company Listed,"$180,000 - $250,000 a year"
365,"New York, NY",Principal Data Scientist,No Company Listed,"$150,000 - $185,000 a year"
366,"New York, NY",VP Data Science,No Company Listed,"$130,000 - $165,000 a year"
367,"New York, NY","Data Team Leader (VP, Director)",VROOM,"$140,000 - $180,000 a year"
368,"New York, NY",Sr. Data Scientist - User & Product Analytics,Tumblr,No Salary Listed
369,"New York, NY",Data Scientist,Wink,No Salary Listed
370,"New York, NY",Senior Data Scientist for Fortune 500 Company,No Company Listed,"$150,000 - $185,000 a year"
371,"New York, NY 10001 (Chelsea area)",Associate Director Translational Science/Biomarker Developme...,Skills Alliance,"$160,000 - $190,000 a year"
372,"New York, NY","Director of Data Science, Analytics",No Company Listed,"$175,000 - $250,000 a year"
373,"New York, NY",Senior Data Scientist,No Company Listed,No Salary Listed
374,"New York, NY",Senior Systematic Quantitative Analyst - Multi-billion Dolla...,No Company Listed,"$180,000 - $220,000 a year"
375,"New York, NY 10005 (Financial District area)",Senior Software Engineer (Machine Learning),WeWork,No Salary Listed
376,"New York, NY 10004 (Financial District area)",Data Scientist,Apex Systems Inc,No Salary Listed
377,"New York, NY 10005 (Financial District area)",Senior Software Engineer (Machine Learning),WeWork,No Salary Listed
378,"New York, NY",Quantitative Analyst at Leading Analytic Driven Hedge Fund (...,No Company Listed,$50 - $100 an hour
379,"New York, NY",Data Scientist - Natural Language Processing,No Company Listed,No Salary Listed
380,"New York, NY",1015 Big Data Architect,"ReqRoute,Inc",No Salary Listed
381,"New York, NY",Big Data Engineer / Hadoop Developer ( FinTech / Hive / Hbas...,No Company Listed,"$120,000 - $170,000 a year"
382,"New York, NY 10005 (Financial District area)",Quantitative Analyst - Regulatory Model Design,Societe Generale Corporate and Investment Banking,No Salary Listed
383,"New York, NY",Data Scientist ( FinTech / Python / R / Machine Learning / B...,No Company Listed,"$200,000 a year"
384,"New York, NY",C++/Python Engineer,No Company Listed,No Salary Listed
385,"New York, NY","Senior Quantitative Analyst, global investments strategies",No Company Listed,No Salary Listed
386,"New York, NY 10005 (Financial District area)","Senior Director/Director, Revenue Management Operations Re",WeWork,No Salary Listed
387,"New York, NY",Natural Language Processing (NLP) Data Scientist,No Company Listed,"$130,000 - $185,000 a year"
388,"New York, NY","Vice President, Product Management - Channel Experiences",OnDeck,No Salary Listed
389,"New York, NY 10010 (Gramercy area)",Innovative Ad-Tech Company Seeks a Senior Fullstack Javascri...,Jobspring Partners,"$145,000 a year"
390,"New York, NY","Director, Data Insight Sales",1010data,No Salary Listed
391,"New York, NY",VP of Product Management,No Company Listed,No Salary Listed
392,"New York, NY 10011 (Chelsea area)",Digital Strategy Senior Manager (Insurance),Accenture,No Salary Listed
393,"New York, NY 10018 (Clinton area)",Senior Quantitative Finance Analyst,The Compliance Search Group,No Salary Listed
394,"New York, NY 10017 (Midtown area)",Data Scientist-Pattern Recognition-Algo Models-Python/R-Fixe...,Analytic Recruiting,No Salary Listed
395,"Paramus, NJ",Analytics Manager,Smith Hanley Associates,"$130,000 - $150,000 a year"
396,"New York, NY","Director, Product Management",OnDeck,No Salary Listed
397,"New York, NY 10017 (Midtown area)","Data Scientists -- Machine Learning, Algorithm Development,...",Analytic Recruiting,No Salary Listed
398,"Paramus, NJ","Clinical Research Scientist (PhD or PharmD), Oncology",No Company Listed,No Salary Listed
399,"New York, NY",Senior Quantitative Risk Analyst,OnDeck Capital,No Salary Listed
400,"Irving, TX",Big Data Machine Learning Scientist,Humana,No Salary Listed
401,"Dallas, TX",Analytics Strategy & Transformation Sr. Manager - Energy (SW...,Accenture,No Salary Listed
402,"Dallas, TX",Accenture Analytics-Go to Market Products Manager,Accenture,No Salary Listed
403,"Plano, TX",Sr. Product Manager (Garage),Capital One,No Salary Listed
404,"Dallas, TX",VP Data Science & Machine Learning,No Company Listed,No Salary Listed
405,"Dallas, TX",Legal Counsel,Nokia,No Salary Listed
406,"Dallas, TX",Principal Engineer - Big Data / Machine Learning,Albin Engineering,No Salary Listed
407,"Dallas, TX","Senior Manager, Analytics - Communications, Media, & Technol...",Accenture,No Salary Listed
408,"Philadelphia, PA 19103 (Belmont area)","Principal, Data Scientist",Comcast,No Salary Listed
409,"Philadelphia, PA","Machine Learning Software Engineer, Analytics Center of Exce...",No Company Listed,No Salary Listed
410,"Plymouth Meeting, PA",Machine Learning Researcher,No Company Listed,No Salary Listed
411,"Philadelphia, PA 19103 (Belmont area)","Principal, Data Scientist - Digital",Comcast,No Salary Listed
412,"Philadelphia, PA 19103 (Belmont area)","Data Scientist - Analytical Experiments, Analytical Tools",No Company Listed,"$130,000 - $150,000 a year"
413,"Plymouth Meeting, PA","Dir, Machine Learning",No Company Listed,No Salary Listed
414,"Wilmington, DE",Data Scientist - Proactive and Reactive Customer Retention A...,Citi,No Salary Listed
415,"Philadelphia, PA",Data Science Manager Healthcare,No Company Listed,"$170,000 a year"
416,"Malvern, PA","Senior Analyst, Investment Risk Management, Quantitative Equ...",Vanguard,No Salary Listed
417,"Wilmington, DE","Director, Big Data Governance",Capital One,No Salary Listed
418,"Plymouth Meeting, PA 19462",Technical Data Analyst Finance Analytics,No Company Listed,No Salary Listed
419,"Philadelphia, PA",Senior Hadoop Engineer/Architect,Reed Elsevier,No Salary Listed
420,"Philadelphia, PA",VP Cyber Security Engineering & Incident Response,Reed Elsevier,No Salary Listed
421,"Malvern, PA 19355","Vice President, Medical Affairs",No Company Listed,No Salary Listed
422,"Gwynedd, PA",No Job Title Listed,Merck,No Salary Listed
423,"Philadelphia, PA 19103 (Belmont area)",VP Cyber Security Engineering & Incident Response,Elsevier,No Salary Listed
424,"Wilmington, DE",CCB - Risk-Fraud Modeling Data Scientist Manager - Executive...,JPMorgan Chase,No Salary Listed
425,"King of Prussia, PA",Global TA Head Coagulation and Acquired Bleeding,CSL Behring,No Salary Listed
426,"Philadelphia, PA",Data Scientist,No Company Listed,$120 an hour
427,"Philadelphia, PA 19102 (City Center West area)",Data Scientist,Jobspring Partners,"$160,000 a year"
428,"Philadelphia, PA",Principal Data Scientist,No Company Listed,"$155,000 - $160,000 a year"
429,"Ambler, PA 19002",Data Scientist for Marketing Technology,Workbridge Associates,"$175,000 a year"
430,"Philadelphia, PA",Quantitative Analyst (Big Data Focus) at $10+ Billion Hedge...,No Company Listed,"$200,000 - $300,000 a year"
431,"Philadelphia, PA",Director of Data Science,No Company Listed,"$175,000 - $215,000 a year"
432,"Philadelphia, PA",Lead Python Developer,No Company Listed,No Salary Listed
433,"Denver, CO 80202 (Lodo area)",Data Scientist,Ibotta,No Salary Listed
434,"Los Angeles, CA",Creative Research Analyst,Solugenix Corporation,$72.41 an hour
435,"Santa Monica, CA",Director of Data Engineering,No Company Listed,No Salary Listed
436,"Los Angeles, CA",Sr. Data Scientist & Analytic Engineer,Connexity,No Salary Listed
437,"Burbank, CA",Big Data Architect,Warner Bros. Entertainment Group,No Salary Listed
438,"El Segundo, CA 90245",Chief Information Officer,The Aerospace Corporation,No Salary Listed
439,"Los Angeles, CA 90001",Artificial Intelligence Data Scientist,Beyond Limits,No Salary Listed
440,"Los Angeles, CA",Principal Data Scientist,No Company Listed,"$160,000 a year"
441,"Los Angeles, CA",Principal Engineer,ZestFinance,No Salary Listed
442,"Santa Monica, CA 90404",Director of Data Services,Red Bull,No Salary Listed
443,"El Segundo, CA 90245","Director, Diversity and Inclusion",The Aerospace Corporation,No Salary Listed
444,"Santa Monica, CA 90405","Director, Data Science and Analytics",Inspire,No Salary Listed
445,"Los Angeles, CA","Director, Marketing Planning & Analysis - Global Growth and...",Netflix,No Salary Listed
446,"Los Angeles, CA",Head of Machine Learning Big Data,No Company Listed,No Salary Listed
447,"Santa Monica, CA",Data Platform Engineer,No Company Listed,No Salary Listed
448,"Los Angeles, CA 90016",Data Scientist,No Company Listed,No Salary Listed
449,"West Hollywood, CA",Machine Learning Scientist,No Company Listed,No Salary Listed
450,"Los Angeles, CA",Senior Data Scientist,No Company Listed,"$140,000 - $180,000 a year"
451,"Los Angeles, CA",Lead Data Scientist,No Company Listed,"$160,000 a year"
452,"Los Angeles, CA 90016",Quantitative Developer,No Company Listed,No Salary Listed
453,"Los Angeles, CA 90016",Big Data Engineer,No Company Listed,No Salary Listed
454,"West Hollywood, CA",Computer Vision Scientist,No Company Listed,No Salary Listed
455,"Los Angeles, CA",Senior Backend Data Engineer,LT,"$190,000 a year"
456,"Los Angeles, CA 90067",Senior Manager - Data Scientist Lead,Unisys,No Salary Listed
457,"Los Angeles, CA",Java Engineer,LT,"$190,000 a year"
458,"Los Angeles, CA","Sr. Data Scientist Needed for Top LA Start-Up, Huge Opportun...",No Company Listed,"$160,000 a year"
459,"Los Angeles, CA",Property and Casualty Predictive Modeler #74851,No Company Listed,"$160,000 a year"
460,"Los Angeles, CA",Senior DevOps Engineer,LT,"$190,000 a year"
461,"Los Angeles, CA",Lead iOS Developer,LT,"$200,000 a year"
462,"Pittsburgh, PA","Director, Machine Learning",No Company Listed,No Salary Listed
463,"Pittsburgh, PA 15236",Data Scientist/Ontologist,ApTask,"$180,000 a year"
464,"Fort Lauderdale, FL",Data Scientist,No Company Listed,"$150,000 a year"
465,"Atlanta, GA","Sr. Manager, Data Science",Capgemini,No Salary Listed
466,"Atlanta, GA",Senior Quantitative Risk Management Analyst,Federal Home Loan Bank of Atlanta,No Salary Listed
467,"Atlanta, GA",Data Scientist - Healthcare,No Company Listed,"$170,000 a year"
468,"Atlanta, GA",Senior Solution Architect - Data Science SME,Capgemini,No Salary Listed
469,"Atlanta, GA","Manager, Data Science",Capgemini,No Salary Listed
470,"Atlanta, GA",Head of Analytic Operations,IgnitionOne,No Salary Listed
471,"Atlanta, GA",Analytics Implementation Lead,Honeywell,No Salary Listed
472,"Atlanta, GA",Managing Solution Architect - Digital Marketing and Consumer...,Capgemini,No Salary Listed
473,"Atlanta, GA 30322","Director, Laboratory Services",Children's Healthcare of Atlanta,No Salary Listed
474,"Redmond, WA 98052",Data Scientist,Microsoft,No Salary Listed
475,"Bellevue, WA",Data Scientist Lead,BOEING,No Salary Listed
476,"Seattle, WA",Principal Data Scientist (Insights & Analytics),No Company Listed,No Salary Listed
477,"Redmond, WA 98052",Principal Data Scientist,Microsoft,No Salary Listed
478,"Seattle, WA",Director of Data Science,Wunderman,No Salary Listed
479,"Kirkland, WA",Senior Software Development Manager - Data Science,GoDaddy,No Salary Listed
480,"Redmond, WA 98052",Principal Program Manager,Microsoft,No Salary Listed
481,"Seattle, WA 98101 (Downtown area)","Sr. Principal Data Scientist, Machine Learning",Zillow,No Salary Listed
482,"Seattle, WA","Sr. Principal Data Scientist, Machine Learning",No Company Listed,No Salary Listed
483,"Seattle, WA 98101 (Downtown area)",Senior Data Scientist,Zillow,No Salary Listed
484,"Seattle, WA 98101 (Downtown area)",Senior Machine Learning Engineer,Zillow,No Salary Listed
485,"Seattle, WA",Sr Mgr Technical Product Mgmt,HERE,No Salary Listed
486,"Seattle, WA","Accenture Insights Platform Product Manager, Western US Regi...",Accenture,No Salary Listed
487,"Seattle, WA 98101 (Downtown area)",Senior Data Engineer,Zillow,No Salary Listed
488,"Seattle, WA",Technical Product Mrkting Mgr,HERE,No Salary Listed
489,"Seattle, WA 98101 (Downtown area)",Principal Machine Learning Engineer,Zillow,No Salary Listed
490,"Seattle, WA",Accenture Analytics - Data Science Manager,Accenture,No Salary Listed
491,"Seattle, WA",Sr Mgr Product Development,HERE,No Salary Listed
492,"Seattle, WA 98101 (Downtown area)",Sr Staff Software Engineer,General Electric,No Salary Listed
493,"Renton, WA",Information Architect Job,Hasbro,No Salary Listed
494,"Renton, WA 98057",Information Architect,Wizards Of The Coast,No Salary Listed
495,"Seattle, WA","Digital Product Manager, Capital One Investing",Capital One,No Salary Listed
496,"Seattle, WA","Software Development Manager, AWS Machine Learning",Amazon Corporate LLC,No Salary Listed
497,"Seattle, WA","Senior Digital Product Manager, Capital One Investing",Capital One,No Salary Listed
498,"Seattle, WA",Sr. Global Device Manager,No Company Listed,"$150,000 - $175,000 a year"
499,"Bellevue, WA 98004 (Downtown area)",Information/Data Architect,No Company Listed,No Salary Listed
500,"Seattle, WA",Chief Data Scientists,No Company Listed,No Salary Listed
501,"Seattle, WA",Principal Data Scientist (Insights & Analytics),No Company Listed,No Salary Listed
502,"Seattle, WA",Software Engineer - Machine Learning,No Company Listed,"$145,000 - $197,000 a year"
503,"Seattle, WA",Senior Data Scientist,Smith Hanley Associates,"$155,000 - $165,000 a year"
504,"Seattle, WA",Senior Data Scientist,No Company Listed,No Salary Listed
505,"Seattle, WA","Sr. Applied Scientist, AWS Greenfield Project",Amazon Corporate LLC,No Salary Listed
506,"Redmond, WA",Senior Data Scientist,No Company Listed,No Salary Listed
507,"Seattle, WA 98104 (First Hill area)",Data Science Manager,Indeed,No Salary Listed
508,"Austin, TX",Data Scientist - Consultant,Clarity Solution Group,No Salary Listed
509,"Austin, TX 78701 (Downtown area)",Chief Data Architect,No Company Listed,No Salary Listed
510,"Austin, TX",Expert Big Data Architect,Acxiom,No Salary Listed
511,"Austin, TX",Big Data/Analytics Architect,Acxiom,No Salary Listed
512,"Austin, TX","Vice President, Advanced Analytics",CLEAResult,No Salary Listed
513,"Austin, TX 78759 (Arboretum area)",Chief Architect,The Advisory Board Company,No Salary Listed
514,"Austin, TX",No Job Title Listed,National Instruments,No Salary Listed
